GenTrk, Raggio, Eff, Eff_real, erreffreal,fake_reco_trk, GenTrk, RecoTrk, RecoReal, RealTime, CPUTime, eff3hit, eff2hit, fake3, fake2
2,0.4,0.979920,0.979920,0.025635,0.000000,1.660000,1.626667,1.626667,0.000766,0.000733,0.773092,0.206827,0.000000,0.000000
3,0.400000,0.991826,0.990463,0.024501,0.001362,2.446667,2.426667,2.423333,0.000907,0.000833,0.747956,0.242507,0.000000,0.001362
4,0.400000,0.988730,0.984631,0.020100,0.004098,3.253333,3.216667,3.203333,0.001423,0.001400,0.779713,0.204918,0.001025,0.003074
5,0.400000,0.984502,0.982871,0.017581,0.001631,4.086667,4.023333,4.016667,0.001137,0.001100,0.760196,0.222675,0.000000,0.001631
6,0.400000,0.982048,0.977394,0.014982,0.004654,5.013333,4.923333,4.900000,0.001367,0.001367,0.765293,0.212101,0.001330,0.003324
7,0.400000,0.991438,0.985731,0.013973,0.005708,5.840000,5.790000,5.756667,0.001478,0.001467,0.788242,0.197489,0.004566,0.001142
8,0.400000,0.984562,0.980578,0.012347,0.003984,6.693333,6.590000,6.563333,0.001621,0.001600,0.782371,0.198207,0.000996,0.002988
9,0.400000,0.984896,0.978676,0.012865,0.006219,7.503333,7.390000,7.343333,0.002603,0.002467,0.765438,0.213239,0.000444,0.005775
10,0.400000,0.979910,0.972530,0.013178,0.007380,8.130000,7.966667,7.906667,0.001984,0.002000,0.765888,0.206642,0.002460,0.004920
2,0.4,0.989393,0.989393,0.013234,0.000000,1.697000,1.679000,1.679000,0.000555,0.000500,0.000095,0.782557,0.206836,0.000000,0.000000
3,0.400000,0.984634,0.984230,0.011985,0.000404,2.473000,2.435000,2.434000,0.000657,0.000650,0.000078,0.780024,0.204205,0.000000,0.000404
4,0.400000,0.984949,0.984648,0.010075,0.000301,3.322000,3.272000,3.271000,0.000864,0.000860,0.000089,0.760084,0.224564,0.000000,0.000301
5,0.400000,0.983096,0.979957,0.009518,0.003139,4.141000,4.071000,4.058000,0.001049,0.001060,0.000097,0.769862,0.210094,0.000241,0.002898
6,0.400000,0.983551,0.978937,0.008403,0.004614,4.985000,4.903000,4.880000,0.000333,0.001280,0.000106,0.769308,0.209629,0.002006,0.002608
7,0.400000,0.986316,0.983371,0.007916,0.002945,5.773000,5.694000,5.677000,0.001470,0.001420,0.000110,0.781223,0.202148,0.000693,0.002252
8,0.400000,0.985343,0.982321,0.007261,0.003022,6.618000,6.521000,6.501000,0.001643,0.001660,0.000119,0.782412,0.199909,0.000604,0.002418
9,0.400000,0.985067,0.979416,0.007001,0.005650,7.433000,7.322000,7.280000,0.001818,0.001800,0.000122,0.766985,0.212431,0.001211,0.004440
10,0.400000,0.986093,0.979562,0.006638,0.006530,8.269000,8.154000,8.100000,0.002001,0.001880,0.000124,0.762728,0.216834,0.002661,0.003870
